camera_ID, camera_lon_lat,camera_owner
214321,"['24.267188780017975', '87.24939198863098']","Snehal Kumar"
123123,"['24.266793178714764', '87.25083609913837']","Karan Mahato"
858746,"['24.264114730901134', '87.25072227764984']","Aman Abhijeet"
934656,"['24.260340163871607', '87.24918568712555']","Sunidhi"
845785,"['24.265200343977074', '87.24749150707854']","Ranadeep"